asylum,predicted_population,current_population,growth
Burundi,791,862,-0.08236658932714618
Djibouti,20423,20395,0.0013728855111546949
Eritrea,387,100,2.87
Ethiopia,871091,914997,-0.04798485678095119
Kenya,505284,556879,-0.09265028848277633
Rwanda,47983,49949,-0.0393601473502973
Somalia,6394,5284,0.2100681302043906
South Sudan,8745,10258,-0.1474946383310587
Sudan,972880,771219,0.26148344374295757
Uganda,989581,1135955,-0.1288554564221294
United Rep. of Tanzania,154823,136757,0.13210292708965538
